,County,AWS,Representative_Non-Irrigated_Yield,cec7_l,ksat_l,awc_l,ph1to1h2o_l,ec_l,ec_r,ec_h,"soil_type_Coarse-loamy, mixed, active, mesic Typic Hapludalfs","soil_type_Coarse-loamy, mixed, superactive, mesic Mollic Hapludalfs","soil_type_Euic, mesic Typic Haplosaprists","soil_type_Fine, illitic, mesic Aeric Epiaqualfs","soil_type_Fine, mixed, active, mesic Aeric Epiaqualfs","soil_type_Fine, mixed, active, mesic Aquultic Hapludalfs","soil_type_Fine, mixed, active, mesic Oxyaquic Hapludalfs","soil_type_Fine, mixed, active, mesic Typic Hapludalfs","soil_type_Fine-loamy, mixed, active, mesic Oxyaquic Argiudolls","soil_type_Fine-loamy, mixed, active, mesic Oxyaquic Hapludalfs","soil_type_Fine-loamy, mixed, active, mesic Typic Hapludalfs","soil_type_Fine-loamy, mixed, superactive, mesic Aquic Argiudolls","soil_type_Fine-silty, mixed, active, mesic Oxyaquic Fragiudalfs","soil_type_Fine-silty, mixed, active, mesic Oxyaquic Hapludalfs","soil_type_Fine-silty, mixed, active, mesic Ultic Hapludalfs","soil_type_Fine-silty, mixed, superactive, mesic Typic Argiaquolls","soil_type_Fine-silty, mixed, superactive, mesic Typic Hapludalfs","soil_type_Fine-silty, mixed, superactive, mesic Ultic Hapludalfs","soil_type_Loamy, mixed, active, mesic Arenic Hapludalfs","soil_type_Mixed, mesic Aquic Udipsamments","soil_type_Mixed, mesic Typic Udipsamments","soil_type_Sandy, mixed, mesic Typic Endoaquolls",Drainage_Somewhat poorly drained,Drainage_Very poorly drained,Drainage_Well drained,texture_primary_Loam,texture_primary_Loamy sand,texture_primary_Sand,texture_primary_Sandy loam,texture_primary_Silt loam,texture_primary_Silty clay loam,texture_secondary_L,texture_secondary_LS,texture_secondary_S,texture_secondary_SICL,texture_secondary_SIL,rvindicator_tex_Yes,RoadwayRelevanceSoilGrade_A-4,RoadwayRelevanceSoilGrade_A-6,HumanErosion_Sheet erosion,HumanErosion_Wind erosion,MoisterClass_Udic,Drainage_class_Somewhat poorly drained,Drainage_class_Very poorly drained,Drainage_class_Well drained,Value
0,RANDOLPH,0.6164497129771928,-0.1792360587532065,0.530310426810322,-0.2854352252717304,-1.4787448893400696,0.2705000737292168,0.0,0.0,1.1788315753116774,0,0,0,1,0,0,0,0,0,0,0,0,0,0,0,0,0,0,0,0,0,0,0,0,0,0,0,0,0,0,0,0,0,0,0,0,0,0,1,0,0,0,0,0,0,157.1
1,MIAMI,-0.5410564463016915,-0.0035566746206846,0.7727569243550939,0.1065531227695006,-1.0207870499812937,0.2579729090938878,0.0,0.2822726723825582,0.5429597027295852,0,0,0,1,0,0,0,0,0,0,0,0,0,0,0,0,0,0,0,0,0,0,0,0,1,0,0,0,0,0,0,0,0,0,0,0,0,0,1,1,0,0,0,0,1,160.56842105263158
2,TIPPECANOE,0.1766650972032641,-0.1019391569924356,-0.351358803439843,1.7388148634338392,-0.929979315212724,0.165921062715382,0.0,0.0,-0.887847660077276,0,1,0,0,0,0,0,0,0,0,0,0,0,0,0,0,0,0,0,0,0,0,0,0,1,1,0,0,0,0,0,1,0,0,0,0,1,0,1,1,0,1,0,0,1,173.91
3,UNION,1.4558164564156535,-0.0097777891862757,0.0996387900914876,0.0114122011153277,0.1516990382792137,0.1945720005979967,0.0,0.0,0.6015536619537467,0,0,0,0,0,0,0,0,0,0,0,0,0,0,0,0,1,0,0,0,0,0,0,0,1,1,0,0,0,0,0,1,0,0,0,0,1,0,1,1,0,1,0,0,1,173.16190476190476
4,TIPTON,2.5882977538923333,0.1694179951677226,-0.0057116227754164,-0.0114122011153277,-0.6707123737623296,0.2906023944023063,0.0,0.0,1.168150133404236,0,0,0,0,0,0,0,0,0,0,0,0,0,0,0,1,0,0,0,0,0,0,0,0,0,1,0,0,0,0,0,1,0,0,0,0,1,0,1,1,0,0,0,0,0,183.22857142857143
5,MONROE,0.4847849925737971,2.631985460450815,-0.3589678341731332,-0.6607866777898366,1.3876807302678382,-1.1431991333911895,0.0,0.0,-1.2946733385376423,0,0,0,0,0,0,0,1,0,0,0,0,0,0,0,0,0,0,0,0,0,0,0,0,1,0,0,0,0,1,0,0,0,0,0,1,1,0,1,1,0,1,0,0,1,146.9952380952381
6,PUTNAM,0.9762971824976814,0.7345357102197981,-0.1736444579916155,-0.0186117929876368,0.1743476121669346,-0.139121450537609,0.0,0.0,1.2513585658632047,0,0,0,0,0,0,0,0,0,0,1,0,0,0,0,0,0,0,0,0,0,0,0,0,1,0,0,0,0,1,0,0,0,0,0,1,1,0,1,0,0,1,0,0,1,165.465
7,VIGO,-1.0033910138904611,0.5721168119643902,-0.1834441409014863,0.2065518285064193,0.9860706713601292,-0.2575733834844427,0.0,0.2727803170281008,0.7852853019717194,0,0,0,0,0,0,0,0,0,0,1,0,0,0,0,0,0,0,0,0,0,0,0,0,1,0,0,0,0,1,0,0,0,0,0,1,1,0,1,1,0,1,0,0,1,156.2736842105263
8,WABASH,-0.1258424172956857,-0.1398787726975052,0.9575170652884608,0.0362641366691688,-0.9839008756888914,0.2311501230310602,0.0,0.0181532248670025,0.6713625689215198,0,0,0,1,0,0,0,0,0,0,0,0,0,0,0,0,0,0,0,0,0,0,0,0,1,0,0,0,0,0,0,0,0,0,0,0,0,0,1,1,0,0,0,0,1,163.78
9,STEUBEN,-1.1144747247840716,-0.1882738265615461,1.318125599433378,0.4988526050638893,-0.5640805589313748,0.1180404889054634,0.0,1.568486822911601,0.6283811684552505,0,0,0,0,0,0,0,0,0,0,1,0,0,0,0,0,0,0,0,0,0,0,0,0,1,1,0,0,0,0,0,1,0,0,0,0,0,0,1,0,0,1,0,0,1,140.0611111111111
10,CLINTON,1.6339253636207234,0.6198652076581161,0.068618353465647,0.1303783161441755,-0.4379351685713027,0.2617004387211064,0.0,0.0,1.3374261523122188,0,0,0,0,0,0,0,0,0,0,0,0,0,0,0,1,0,0,0,0,0,0,0,0,1,1,0,0,0,0,0,1,0,0,0,0,1,0,1,1,0,0,0,0,1,182.57999999999998
11,CARROLL,0.4976045803663479,0.0219242653186744,0.4530695996197938,0.6335566901677846,-0.0216879827080173,0.2400333563004116,0.0,0.0,-0.1648256786241497,0,0,0,0,0,0,0,0,0,0,1,0,0,0,0,0,0,0,0,0,0,0,0,0,1,1,0,0,0,0,0,1,0,0,0,0,1,0,1,1,0,1,0,0,1,180.78
12,FAYETTE,1.3397119634155128,0.5996435801122094,0.0445256666600999,-0.0773465368982823,0.0377611872231052,0.0577570743006951,0.0,0.0,0.6646161310024156,0,0,0,0,0,0,0,0,0,0,0,0,0,0,0,0,1,0,0,0,0,0,0,0,1,1,0,0,0,0,0,0,0,0,0,1,1,0,1,1,0,1,0,0,1,161.3
13,JENNINGS,0.6204733450420798,5.210210852562292,-0.5119589090870122,-0.6682044939667026,0.5686724242053524,-0.8326523458568154,0.0,0.0,-0.7970850878359449,0,0,0,0,0,0,0,1,0,0,0,0,0,0,0,0,0,0,0,0,0,0,0,0,0,0,0,0,0,1,0,0,0,0,0,1,1,0,1,0,0,1,0,0,1,149.12857142857143
14,KNOX,-1.4228016969171169,0.1723083250899752,0.242173462383706,-0.0907505576455874,1.673948846387987,-0.2913037577281895,0.0,7.0638736263736375,-0.3303470791435098,0,0,0,0,0,0,0,0,0,0,0,0,1,0,0,0,0,0,0,0,0,0,0,0,1,0,0,0,0,1,0,0,0,0,0,1,1,0,1,1,0,1,0,0,1,165.6263157894737
15,JEFFERSON,0.0782398574816964,5.724994481042841,-0.218751856444195,-0.7597450235290754,0.3402624509122885,-0.9227367013798696,0.0,0.0,-0.5509810877072644,0,0,0,0,0,0,0,1,0,0,0,0,0,0,0,0,0,0,0,0,0,0,0,0,1,0,0,0,0,1,0,0,0,0,0,1,1,0,1,0,0,1,0,0,1,144.1
16,BROWN,0.626000799809084,3.212585135213309,-0.6350208762806783,-0.6736148569230408,0.4911018259341096,-0.9495735808498984,0.0,0.0,-0.867073660637088,0,0,0,0,0,0,0,0,0,0,0,0,0,1,0,0,0,0,0,0,0,0,0,0,1,0,0,0,0,1,0,0,0,0,0,1,1,0,1,1,0,1,0,0,1,121.85
17,CRAWFORD,-0.6914391264000357,0.8419203333198189,-0.1152490424864195,-0.640451816368832,-0.0299014324939582,-1.2721880375519554,0.0,0.0,-1.7222480467494186,0,0,0,0,0,0,1,0,0,0,0,0,0,0,0,0,0,0,0,0,0,0,0,0,1,0,0,0,0,1,0,0,0,0,0,1,0,1,0,1,0,1,0,0,1,131.35000000000002
18,FULTON,-1.603575621920903,-0.1514262868985346,1.8282863928669488,1.3707495619957797,-0.0051516047750166,-0.0279771868577829,0.0,2.563439111908499,-0.0203143271753132,0,0,0,0,0,0,0,0,0,0,0,0,0,0,0,0,0,0,1,0,0,0,0,0,1,1,0,0,0,0,0,1,0,0,0,0,0,0,0,0,0,0,0,0,1,163.39000000000001
19,KOSCIUSKO,-2.1865473047824526,-0.1745577883639857,0.7555831323116546,1.4158000946313152,-0.6301680845077989,0.1532442908454634,0.0,0.9167041137301346,-0.6040949947055851,0,0,0,0,0,0,0,0,0,0,0,0,0,0,0,0,0,0,1,0,0,0,0,0,1,1,0,0,0,0,0,1,0,0,0,0,0,1,0,0,0,1,0,0,1,161.84761904761905
20,JACKSON,-0.6913790901298588,3.0251531231913056,-0.623799160602289,-0.3234254856233671,0.2905460927196227,-0.9104942440269276,0.0,0.0,-1.1280583899899217,0,0,0,0,0,0,0,0,0,0,0,0,1,0,0,0,0,0,0,0,0,0,0,0,1,0,0,0,0,1,0,0,0,0,0,1,1,0,1,0,0,1,0,0,1,143.43157894736842
21,FRANKLIN,-0.5241823309439919,1.1668373376017418,0.0557427763762736,-0.1704385476469864,-0.7684352002681847,-0.122208388671111,0.0,0.0,1.2055436437319758,0,0,0,0,0,0,0,1,0,0,0,0,0,0,0,0,0,0,0,0,0,0,0,0,1,1,0,0,0,0,0,0,0,0,0,1,1,0,1,0,0,1,0,0,1,156.95714285714286
22,LA PORTE,1.5493994731403162,-0.3052891416665161,2.4892647693159238,0.8962314794713543,1.439448756970741,-0.1423147416500002,0.0002865329512893,6.701387795585513,0.1394123755396966,0,0,0,0,0,0,0,0,0,0,0,0,0,0,0,0,0,0,0,0,0,1,0,1,0,0,0,1,0,0,0,0,0,1,0,0,0,0,0,0,1,0,0,1,0,151.28095238095239
23,HENRY,-0.4985684224228862,-0.2560660652743246,0.0033920257358813,0.0440558860407242,-1.240354434113862,0.3163364020673805,0.0,0.0,1.275325036640398,0,0,0,0,0,0,0,0,0,0,0,0,0,0,0,0,0,0,0,0,0,0,0,0,0,1,0,0,0,0,0,0,0,0,0,1,0,0,1,0,0,1,0,0,0,164.52631578947367
24,GRANT,-0.1652700269942323,-0.2865868578281474,0.682270857657248,-0.3901993250209367,-1.9986666780450488,0.2474966318706775,0.0,0.0270862704957574,0.7239750949129875,0,0,0,1,0,0,0,0,0,0,0,0,0,0,0,0,0,0,0,0,0,0,0,0,0,0,0,0,0,0,1,0,0,0,1,0,0,0,1,0,0,0,0,0,0,167.23529411764707
25,BENTON,1.0595981579437073,0.32322598228497,0.9230820652925904,0.1839962466433643,-0.2029111283135814,0.3543223680884166,0.0008219178082191,0.2533493903356913,-0.0770265507925321,0,0,0,0,0,0,0,0,0,0,0,1,0,0,0,0,0,0,0,0,0,0,0,0,0,0,0,0,0,0,1,0,0,0,1,0,1,0,1,1,0,1,0,0,0,179.3
26,DECATUR,-0.0248425831379282,1.436463830643753,-0.0024536611291374,-0.2665286301934142,-0.4163102647854976,-0.1260599037931428,0.0,0.0,1.7557478087019942,0,0,0,0,0,0,0,0,0,0,1,0,0,0,0,0,0,0,0,0,0,0,0,0,1,0,0,0,0,1,0,0,0,0,0,1,1,0,1,0,0,1,0,0,1,168.75238095238097
27,BLACKFORD,-0.045505873560047,-0.080665964116484,1.0144657467871987,-0.5379071835163135,-1.9828163942003811,0.3270900986641799,0.0,0.0,0.3351141453690294,0,0,0,1,0,0,0,0,0,0,0,0,0,0,0,0,0,0,0,0,0,0,0,0,0,0,0,0,0,0,1,0,0,0,1,0,0,0,1,0,0,0,0,0,0,158.45499999999998
28,GREENE,-0.9991347426474532,0.4663049081056429,0.002453661129137,-0.3947024053108324,0.2563368076907267,-0.7929516757979933,0.0,0.9807692307692308,-0.5725740007788239,0,0,0,0,0,0,0,0,0,0,0,0,1,0,0,0,0,0,0,0,0,0,0,0,1,0,0,0,0,1,0,0,0,0,0,1,0,0,1,1,0,1,0,0,1,153.83529411764704
29,MARSHALL,-0.277170044723743,-0.5910414334456887,0.7504775403449729,2.4759547794779007,-1.1048698016391976,-0.1079058635710787,0.0,0.6775486616888923,-1.4936394610849135,0,0,0,0,0,0,0,0,0,0,0,0,0,0,0,0,0,0,0,0,1,0,0,0,1,0,1,0,0,0,0,0,1,0,0,0,0,0,0,0,1,1,0,1,0,160.6
30,MARION,0.9425382291323338,-0.4197484447061617,-0.3192198780003241,0.6630099922612981,-0.3982826094114349,0.3553979500533388,0.0,0.0,1.223055476253024,0,0,0,0,0,0,0,0,0,1,0,0,0,0,0,0,0,0,0,0,0,0,0,0,1,1,0,0,0,0,0,1,0,0,0,0,0,0,1,1,0,1,0,0,1,154.95000000000002
31,HENDRICKS,-0.062983443052667,-0.0085034002236903,-0.2065787002743844,0.2743172397642276,-0.6833303687621137,0.2709532739745841,0.0,0.0,1.8069126216225615,0,0,0,0,0,0,0,0,0,1,0,0,0,0,0,0,0,0,0,0,0,0,0,0,1,1,0,0,0,0,0,1,0,0,0,0,0,0,1,1,0,0,0,0,1,167.02380952380952
32,DUBOIS,-0.136121105626386,0.8997982343185624,-0.6071613696860396,-0.6575314393930913,1.0467707436166545,-1.1487553644269597,0.0,4.267962806424348,-1.3673897780850552,0,0,0,0,0,0,0,0,0,0,0,0,1,0,0,0,0,0,0,0,0,0,0,0,1,0,0,0,0,1,0,0,0,0,0,1,0,0,1,1,0,1,0,0,1,156.65238095238095
33,ELKHART,-2.1749611256625125,-0.5288985195915337,0.074055064083703,2.655354608093805,-1.8555005800166104,-0.0631182690853183,0.0,0.8858560794044663,-1.4558800693709608,0,0,0,0,0,0,0,0,0,0,0,0,0,0,0,0,0,0,0,0,1,0,0,0,1,0,1,0,0,0,0,0,1,0,0,0,0,0,0,0,1,1,0,1,0,158.28
34,ADAMS,0.993409173269547,-0.0963722906991397,1.1360980165841088,-0.6767871654276779,-0.6479676690470428,0.216430532919189,0.0,0.0,0.8343047508940876,0,0,0,1,0,0,0,0,0,0,0,0,0,0,0,0,0,0,0,0,0,0,1,0,0,0,0,0,0,0,1,0,0,0,1,0,0,0,1,1,0,0,1,0,0,153.17000000000002
35,WARRICK,0.1739704488408328,-0.1364866423959039,-0.29209551264293,-0.7586405620144211,1.6024582673641974,-0.896620303140235,0.0,5.326855521527658,-0.4400910274090809,0,0,0,0,0,0,0,0,0,0,0,0,1,0,0,0,0,0,0,0,0,0,0,0,0,0,0,0,0,1,0,0,0,0,0,1,1,0,1,1,0,1,0,0,0,146.115
36,SHELBY,-0.3164726211370713,-0.1272445011693205,-0.2259367268030943,0.6374360770434796,-0.6661523461004218,0.2722861470572728,0.0,0.0,1.047179696025849,0,0,0,0,1,0,0,0,0,0,0,0,0,0,0,0,0,0,0,0,0,0,0,0,1,1,0,0,0,0,0,1,0,0,0,0,0,0,1,1,0,1,0,0,1,158.27142857142857
37,NEWTON,-2.315142367617037,-0.034209273463974,1.3375381302679945,0.9769391667103544,0.4297754905295176,0.2288074403889017,0.000576923076923,3.423261834319532,-0.8978143967059188,0,0,0,0,0,0,0,0,1,0,0,0,0,0,0,0,0,0,0,0,0,0,0,0,0,1,0,0,0,0,0,1,0,0,0,0,1,0,0,0,1,1,0,0,0,174.24285714285713
38,POSEY,-0.4917141055319666,-0.1457941165607042,-0.2269866192366624,-0.3137520136460603,1.9136478764034504,-0.446777418888907,0.0,2.348102036467691,-0.3892839226472027,0,0,0,0,0,0,0,0,0,0,0,0,1,0,0,0,0,0,0,0,0,0,0,0,1,0,0,0,0,1,0,0,0,0,0,1,1,0,1,1,0,1,0,0,1,167.01904761904763
39,PORTER,-0.9986816952736236,-0.317552292943869,2.443899282750435,0.2550556003049318,0.2433348195441554,-0.1247462537399789,0.0001883239171374,3.511982367914579,0.405858813327089,0,0,0,0,0,0,0,0,0,0,0,0,0,0,0,0,0,0,0,1,0,0,0,0,1,0,0,1,0,0,0,0,0,0,1,0,0,0,1,0,1,1,0,0,1,165.01904761904763
40,SCOTT,0.4411187728626866,10.937906602950637,-0.5211464521611799,-0.7808970305703512,0.7433556930774158,-1.2140202728475906,0.0,0.0,-1.0235222502031731,0,0,0,0,0,1,0,0,0,0,0,0,0,0,0,0,0,0,0,0,0,0,0,0,0,0,0,0,0,1,0,0,0,0,0,1,1,0,1,0,0,1,0,0,0,149.67894736842106
41,WASHINGTON,0.5195546991383005,3.3000689824892118,-0.3349479728204559,-0.6330086102669986,1.3338483918377515,-1.192720964800022,0.0,0.0,-0.8876459191714076,0,0,0,0,0,0,0,0,0,0,0,0,1,0,0,0,0,0,0,0,0,0,0,0,1,0,0,0,0,1,0,0,0,0,0,1,0,0,1,1,0,1,0,0,1,141.525
42,WHITE,-1.0613096231824295,0.2031067641797568,0.3766321587881369,0.8877765541836052,-0.9228270975036252,0.0624613311437031,0.0,0.1771504357711224,-0.8285973434096644,0,0,0,0,0,0,0,0,0,0,0,0,0,0,0,0,0,0,0,1,0,0,1,0,0,1,0,0,0,0,0,1,0,0,0,0,1,1,0,0,1,1,1,0,0,171.23
43,OWEN,-0.0420922826152858,0.5930000325242225,-0.4932380713595982,-0.4543102626123161,0.1967652966583695,-0.8163259768072921,0.0,0.0,-1.0748522478629494,0,0,0,0,0,0,0,0,0,0,1,0,0,0,0,0,0,0,0,0,0,0,0,0,1,0,0,0,0,1,0,0,0,0,0,1,1,0,1,1,0,1,0,0,1,146.22105263157894
44,PARKE,0.3259716051392518,0.0915631091372414,-0.0678228268267887,1.084580470654028,0.6763955110175206,0.0108485714023125,0.0,0.0,0.2105614886873578,0,0,0,0,0,0,0,0,0,0,1,0,0,0,0,0,0,0,0,0,0,0,0,0,1,0,0,0,0,1,0,0,0,0,0,1,1,0,1,1,0,1,0,0,1,161.11052631578946
45,ORANGE,0.2575476233254463,2.184185993000127,-0.2432428899258128,-0.6993143424372259,1.0238283484111266,-1.3229254126953722,0.0,0.0,-1.6894115887980343,0,0,0,0,0,0,0,0,0,0,0,0,1,0,0,0,0,0,0,0,0,0,0,0,1,0,0,0,0,1,0,0,0,0,0,1,0,0,1,1,0,1,0,0,1,158.04500000000002
46,SULLIVAN,-0.973536705284709,0.7745829534124437,-0.3807908517646496,0.161475319420865,1.3044942982744585,-0.4534601357897513,0.0,5.808575846264298,-0.0635577335937771,0,0,0,0,0,0,0,0,0,0,0,0,1,0,0,0,0,0,0,0,0,0,0,0,1,0,0,0,0,1,0,0,0,0,0,1,1,0,1,1,0,1,0,0,1,168.1315789473684
47,VERMILLION,0.6272914634178569,0.0860700280970228,-0.0545976691339847,0.8126377918660264,0.6263456099717302,0.0649069305423347,0.0,2.851843038850917,-0.0156428108771568,0,0,0,0,0,0,0,0,0,0,1,0,0,0,0,0,0,0,0,0,0,0,0,0,1,0,0,0,0,1,0,0,0,0,0,1,1,0,1,1,0,1,0,0,1,170.4952380952381
48,MORGAN,0.3667478484159641,0.8644502523545939,-0.2273694891187677,0.1195879648764945,0.0106719206524143,-0.0604295985986219,0.0,0.0,1.0193104194884612,0,0,0,0,0,0,0,0,0,0,1,0,0,0,0,0,0,0,0,0,0,0,0,0,1,0,0,0,0,1,0,0,0,0,0,1,0,0,1,1,0,1,0,0,1,156.565
49,PULASKI,1.8312822910693496,-0.1555098869903454,1.243449348163573,1.6631997475546183,-0.0505011759735926,0.1248742076513359,0.0,1.448003939904585,-1.3258504555429225,0,0,0,0,0,0,0,0,0,0,0,0,0,0,0,0,0,0,0,1,0,0,0,1,0,1,0,0,0,0,0,1,0,0,0,0,1,0,0,0,1,0,0,1,0,154.055
50,MONTGOMERY,1.6094847426295975,0.0684348967996441,-0.0970216775057317,0.3975525906453704,0.1758443723286308,0.1812245860732034,0.0,0.0,0.6550163812306938,0,0,0,0,0,0,0,0,0,0,0,0,0,0,0,1,0,0,0,0,0,0,0,0,1,0,0,0,0,1,0,0,0,0,0,1,0,0,1,1,0,1,0,0,1,177.83684210526317
51,VANDERBURGH,0.8032546055524239,-0.180839764618392,-0.2295444948684364,-0.7016528485144015,2.1491075937720527,-0.7145837390019977,0.0,5.048787419477082,0.6090146576151576,0,0,0,0,0,0,0,0,0,0,0,0,1,0,0,0,0,0,0,0,0,0,0,0,0,0,0,0,0,1,0,0,0,0,0,1,1,0,1,1,0,1,0,0,0,161.77142857142857
52,SWITZERLAND,-0.1598871868578268,4.574989821360277,0.0762650529782071,-0.7216929978344186,0.1119214351549664,-0.7443549624595674,0.0,0.0,0.106193290007112,0,0,0,0,0,0,0,0,0,0,0,0,1,0,0,0,0,0,0,0,0,0,0,0,1,0,0,0,0,1,0,0,0,0,0,1,1,0,1,0,0,1,0,0,1,147.03571428571428
53,MARTIN,-0.5009714275926521,1.5532106846330302,-0.5581869348963665,-0.5977425170721136,0.8265941962911564,-0.9328785612504672,0.0,0.0,-1.3610761389874064,0,0,0,0,0,0,0,0,0,0,0,0,0,0,1,0,0,0,0,0,0,0,0,0,1,0,0,0,0,1,0,0,0,0,0,1,0,0,1,0,0,1,0,0,1,154.33888888888887
54,RUSH,0.0503096810607357,-0.1337736378870005,0.1778007913212496,0.1385620069871368,-0.8741447601471525,0.2876156113216267,0.0,0.0,1.970550438735645,0,0,0,0,1,0,0,0,0,0,0,0,0,0,0,0,0,0,0,0,0,0,0,0,1,1,0,0,0,0,0,1,0,0,0,0,0,0,1,0,0,0,0,0,1,168.32380952380953
55,RIPLEY,0.5094644152628585,1.6419907009027792,-0.1718994033966401,-0.7709319933908676,0.4599873901207931,-0.8769969350411659,0.0,0.0,0.3944677104392906,0,0,0,0,0,0,0,1,0,0,0,0,0,0,0,0,0,0,0,0,0,0,0,0,1,0,0,0,0,1,0,0,0,0,0,1,1,0,1,0,0,1,0,0,1,149.04500000000002
56,FOUNTAIN,0.6846836154307061,-0.0191382700676646,-0.3591039555911388,0.6966325938249442,0.2961502373384517,0.1741708227225801,0.0,0.0,-0.5612184764549404,0,0,0,0,0,0,0,0,0,0,0,0,0,0,0,1,0,0,0,0,0,0,0,0,1,1,0,0,0,0,0,1,0,0,0,0,1,0,1,1,0,1,0,0,1,170.92222222222222
57,LAKE,-0.9197503189027776,-0.1818237846500572,2.978862892801414,0.345781712500247,1.2386964291310802,0.1236530149039304,0.0,2.7647638620921087,-0.1284683128495229,0,0,0,1,0,0,0,0,0,0,0,0,0,0,0,0,0,0,0,0,0,0,0,0,1,0,0,0,0,0,1,0,0,0,1,0,1,0,1,1,0,0,0,0,1,159.02222222222224
58,JASPER,-1.270918139671611,-0.0338695064658863,2.7559911612595296,1.0717496547652985,2.4075371602888067,0.2028756286720587,0.0,4.876480940934076,-0.5571523707400083,0,0,1,0,0,0,0,0,0,0,0,0,0,0,0,0,0,0,0,0,0,0,0,1,0,1,0,0,0,0,0,1,0,0,0,0,1,0,0,0,1,0,0,1,0,161.94736842105263
59,LAGRANGE,0.3163769002877327,-0.3075434687921727,1.988749094373556,0.9577678964401932,1.261602284215417,-0.0108485714023125,0.0,5.578699775128359,-0.226319180020178,1,0,0,0,0,0,0,0,0,0,0,0,0,0,0,0,0,0,0,0,0,0,0,0,1,0,0,0,1,0,0,1,0,0,0,0,0,0,0,0,1,0,0,0,1,135.38571428571427
60,DAVIESS,-0.7846843890780602,0.8915306539474742,-0.3913880596909996,-0.4480574238941068,0.9180582596065912,-0.8253585230189349,0.0,3.885400313971744,0.0155394758317881,0,0,0,0,0,0,0,0,0,0,0,0,1,0,0,0,0,0,0,0,0,0,0,0,1,0,0,0,0,1,0,0,0,0,0,1,1,0,1,1,0,1,0,0,1,169.16666666666666
61,DEARBORN,-0.5608322391355298,1.8163666996158387,0.1931499417409561,-0.5872078065281423,-0.0325597859743194,-0.5850207837421839,0.0,0.0,-0.3617433415707107,0,0,0,0,0,0,0,1,0,0,0,0,0,0,0,0,0,0,0,0,0,0,0,0,1,0,0,0,0,1,0,0,0,0,0,1,0,0,1,0,0,1,0,0,1,141.0047619047619
62,BOONE,1.3198516305386192,-0.3907323234283873,-0.3107067352376345,0.3608431458410834,-0.403383776991185,0.2645065699572427,0.0,0.0,0.4705209171007323,0,0,0,0,0,0,0,0,0,0,0,0,0,0,0,1,0,0,0,0,0,0,1,0,0,1,0,0,0,0,0,1,0,0,0,0,0,0,1,1,0,0,0,0,0,172.0047619047619
63,JAY,0.5615354054927206,-0.0669660149402914,1.0237006343833803,-0.4982069602723254,-1.164412446140767,0.3279413860596962,0.0,0.0,0.2557164861642415,0,0,0,1,0,0,0,0,0,0,0,0,0,0,0,0,0,0,0,0,0,0,0,0,0,0,0,0,0,0,1,0,0,0,1,0,0,0,1,0,0,0,0,0,0,147.03684210526316
64,JOHNSON,0.6740083358643766,0.2610626951225059,-0.344815475338953,0.1532195231504125,-0.4330903563746819,0.1404864260934674,0.0,0.0,0.843347904776721,0,0,0,0,0,0,0,0,0,1,0,0,0,0,0,0,0,0,0,0,0,0,0,0,1,1,0,0,0,0,0,1,0,0,0,0,0,0,1,1,0,1,0,0,1,152.31
65,FLOYD,1.0446534260663805,4.877570916493504,-0.4111920999320204,-0.710315224691877,1.029628482951972,-0.9823733845615796,0.0,0.0,-1.5394039130737656,0,0,0,0,0,0,0,1,0,0,0,0,0,0,0,0,0,0,0,0,0,0,0,0,1,0,0,0,0,1,0,0,0,0,0,1,1,0,1,1,0,1,0,0,1,136.64000000000001
66,CASS,-0.8735452988828464,-0.0123523007290808,0.6875097288295344,0.4942915795416093,-0.6616302137742089,0.1348095687242647,0.0,0.4251610458506985,1.0012153243494335,0,0,0,0,0,0,0,0,0,0,0,0,0,0,0,1,0,0,0,0,0,0,0,0,1,1,0,0,0,0,0,1,0,0,0,0,0,0,1,0,0,0,0,0,1,167.90526315789472
67,CLAY,-0.8478759424625381,0.9637839943399934,-0.635020876280678,-0.4170820565605481,0.6890995939717093,-0.8105243418577546,0.0,0.0,0.3225912673626056,0,0,0,0,0,0,0,0,0,0,0,0,1,0,0,0,0,0,0,0,0,0,0,0,1,0,0,0,0,1,0,0,0,0,0,1,1,0,1,1,0,1,0,0,1,161.29999999999998
68,CLARK,0.2613929807365862,6.36076486521507,-0.2835267705919224,-0.7462693322692483,0.4223355802737092,-1.0537976239459397,0.0,0.0,-1.3674697925121084,0,0,0,0,0,0,0,1,0,0,0,0,0,0,0,0,0,0,0,0,0,0,0,0,1,0,0,0,0,1,0,0,0,0,0,1,1,0,1,0,0,1,0,0,1,143.6904761904762
69,ALLEN,-0.2478726422240563,-0.015641691148969,0.7998039971690297,-0.215089150096991,-1.230355109082117,0.1944792448841753,0.0,0.752889352027282,0.526734797461114,0,0,0,1,0,0,0,0,0,0,0,0,0,0,0,0,0,0,0,0,0,0,0,0,0,0,0,0,0,0,1,0,0,0,1,0,0,0,1,1,0,0,0,0,0,159.35714285714286
70,DELAWARE,0.2315541461828805,-0.1936800345189286,0.4402878331817834,0.2927275984099209,-1.0393293562413857,0.3944532701591429,0.0,0.0,-1.0194765454336938,0,0,0,0,0,0,0,0,0,0,1,0,0,0,0,0,0,0,0,0,0,0,0,0,1,0,0,0,0,0,0,0,0,0,0,0,0,0,1,0,0,1,0,0,1,158.54285714285714
71,HANCOCK,1.2905755089423907,-0.1002666938920457,-0.2300174030236451,0.1281108330217635,-0.3830145896455881,0.2913751677028665,0.0,0.0,1.5720844166264498,0,0,0,0,0,0,0,0,0,1,0,0,0,0,0,0,0,0,0,0,0,0,0,0,0,1,0,0,0,0,0,1,0,0,0,0,0,0,1,0,0,1,0,0,0,159.27142857142857
72,HARRISON,0.1422455110194835,0.5170027034111218,-0.1218828319452041,-0.6730562395348939,0.4648952520717203,-0.9821123656493156,0.0,0.0,-1.6954497993946651,0,0,0,0,0,0,0,1,0,0,0,0,0,0,0,0,0,0,0,0,0,0,0,0,1,0,0,0,0,1,0,0,0,0,0,1,0,0,1,1,0,1,0,0,1,143.48095238095237
73,MADISON,0.9929786326996908,-0.0558645776191522,0.127888074808632,0.4464546947872542,-0.8546488125845937,0.2948970980218843,0.0,0.0,1.173609057125227,0,0,0,0,0,0,0,0,0,0,0,0,0,0,0,1,0,0,0,0,0,0,0,0,1,0,0,0,0,0,0,0,0,0,0,0,0,0,1,1,0,1,0,0,1,168.46190476190475
74,HAMILTON,1.3757060585262575,-0.1362896569763504,-0.0765756541975314,0.5263255716526644,-0.6561397885769483,0.3114484241181283,0.0,0.0,1.5180311811521876,0,0,0,0,0,0,0,0,0,1,0,0,0,0,0,0,0,0,0,0,0,0,0,0,1,1,0,0,0,0,0,1,0,0,0,0,0,0,1,1,0,0,0,0,1,162.5857142857143
75,DE KALB,-0.794925965538421,-0.1695698353554358,1.1703088360416622,-0.1492255573301002,-1.7328768326395958,0.219319452604703,0.0,0.0,1.2420984486777142,0,0,0,1,0,0,0,0,0,0,0,0,0,0,0,0,0,0,0,0,0,0,0,0,1,0,0,0,0,0,0,0,0,0,0,0,0,0,1,0,0,0,0,0,1,147.245
76,BARTHOLOMEW,0.4394787828994288,2.569164230828152,-0.5293403327439784,0.0194013382724206,0.1425227289335131,-0.4039218816368162,0.0,0.0,-0.8086202032603288,0,0,0,0,0,0,0,0,0,0,1,0,0,0,0,0,0,0,0,0,0,0,0,0,1,0,0,0,0,1,0,0,0,0,0,1,0,0,1,1,0,1,0,0,1,156.26315789473685
77,GIBSON,-0.392625860041199,-0.1697389916329773,-0.1809988508490748,-0.240724995456403,2.044741405497447,-0.3528346288412501,0.0,5.232498982498992,-0.674844614335801,0,0,0,0,0,0,0,0,0,0,0,0,0,0,0,0,0,1,0,0,0,0,0,0,1,0,0,0,0,1,0,0,0,0,0,1,1,0,1,1,0,1,0,0,1,164.93684210526317
78,HUNTINGTON,-0.2055438304000318,-0.1562852954257447,0.628292757399753,-0.4762022261275057,-1.2941879293330751,0.1930760242034629,0.0,0.0294874130971001,1.0219881904036303,0,0,0,1,0,0,0,0,0,0,0,0,0,0,0,0,0,0,0,0,0,0,0,0,0,0,0,0,0,0,1,0,0,0,1,0,0,0,1,1,0,0,0,0,0,160.72
79,HOWARD,1.0655088896489209,0.5312878612293782,0.1981241579762402,-0.36930499519755,-1.1067468077256173,0.2535010911918843,0.0,0.0,1.8993304280424068,0,0,0,0,0,0,0,0,0,0,0,0,0,0,0,1,0,0,0,0,0,0,0,0,0,0,0,0,0,0,1,0,0,0,1,0,0,0,1,1,0,0,0,0,0,181.805
80,LAWRENCE,-0.5384661147856783,1.7867252643576823,-0.4552551267882052,-0.4091155962550009,0.4469112958391963,-1.1309470415256169,0.0,0.0,-1.6940655749643725,0,0,0,0,0,0,0,0,0,0,0,0,1,0,0,0,0,0,0,0,0,0,0,0,1,0,0,0,0,1,0,0,0,0,0,1,0,0,1,1,0,1,0,0,1,147.59
81,OHIO,-0.5730652656290701,2.112997398096994,0.2059132394808735,-0.5784047450203569,-0.042768298379065,-0.620092761580151,0.0,0.0,-0.4774137820919773,0,0,0,0,0,0,0,1,0,0,0,0,0,0,0,0,0,0,0,0,0,0,0,0,1,0,0,0,0,1,0,0,0,0,0,1,0,0,1,0,0,1,0,0,1,147.85454545454547
82,PERRY,-0.4171871507434841,0.6384145543369526,-0.5037638067411262,-0.5159043339152645,0.618972347905254,-0.9106284062463776,0.0,0.0,-1.7222480467494186,0,0,0,0,0,0,0,0,0,0,0,0,0,0,1,0,0,0,0,0,0,0,0,0,1,0,0,0,0,1,0,0,0,0,0,1,0,1,0,1,0,1,0,0,1,146.40714285714284
83,WHITLEY,0.1906526922488654,-0.1916975279731077,1.9841515890738624,0.3391215794618424,-0.7719389491410255,0.2230583294978799,0.0,0.6362788587559203,0.4343775415909557,0,0,0,0,0,0,0,0,0,1,0,0,0,0,0,0,0,0,0,0,0,0,0,0,1,0,0,0,0,0,0,0,0,0,0,0,0,0,1,0,0,0,0,0,1,158.34285714285713
84,WAYNE,-0.1070501603387089,0.0411960443236032,0.1135647429837992,0.1494001066292203,-1.218102908047286,0.2914202238383548,0.0,0.0,1.4770847634070203,0,0,0,0,0,0,0,0,0,0,0,0,0,0,0,1,0,0,0,0,0,0,0,0,1,1,0,0,0,0,0,1,0,0,0,0,1,0,1,0,0,1,0,0,1,157.43809523809523
85,WELLS,0.0939211112905219,-0.0246726413554033,0.837537897443588,-0.6939406320219094,-0.8885184093189593,0.2793378947036736,0.0,0.0,0.4185927590411817,0,0,0,1,0,0,0,0,0,0,0,0,0,0,0,0,0,0,0,0,0,0,0,0,0,0,0,0,0,0,1,0,0,0,1,0,0,0,1,1,0,0,0,0,0,160.73333333333332
86,ST. JOSEPH,-1.158124571420838,-0.6790647405452013,0.0916698384511905,2.2565008861506963,-1.653434274108918,-0.1600076019301263,0.0001385041551246,1.4515539861800275,-1.204829379774824,1,0,0,0,0,0,0,0,0,0,0,0,0,0,0,0,0,0,0,0,0,0,0,0,1,0,1,0,0,0,0,0,1,0,0,0,0,0,0,0,1,1,0,0,1,154.26666666666665
87,PIKE,-0.0879562374702734,-0.0262122105136843,-0.3320771536646691,-0.5576914430740307,1.7033712706775426,-0.7631586266680804,0.0,9.254807692307706,-0.4356169002229482,0,0,0,0,0,0,0,0,0,0,0,0,1,0,0,0,0,0,0,0,0,0,0,0,1,0,0,0,0,1,0,0,0,0,0,1,1,0,1,0,0,1,0,0,1,144.36666666666667
88,NOBLE,0.2109913724900631,-0.2119744479168605,1.6762100637343538,0.2609200062951991,-0.2696747152700858,0.1704351852976995,0.0,1.592242194891202,0.8453285915079145,0,0,0,0,0,0,0,0,0,1,0,0,0,0,0,0,0,0,0,0,0,0,0,0,0,1,0,0,0,0,0,1,0,0,0,0,0,0,1,0,0,0,0,0,0,155.44761904761904
89,SPENCER,0.4713110982991195,0.6136674191775408,-0.3503759695336956,-0.7383823359474,1.3572178456147144,-0.8874599498768858,0.0,1.0576923076923077,-1.0126514750287592,0,0,0,0,0,0,0,0,0,0,0,0,1,0,0,0,0,0,0,0,0,0,0,0,1,0,0,0,0,1,0,0,0,0,0,1,0,0,1,1,0,1,0,0,1,149.32105263157894
90,WARREN,0.3769295726082373,0.0035566746206843,-0.223407368242198,0.4892229220152662,-0.7292733623724573,0.1886663209722426,0.0,0.2107635953789777,-0.308253412991035,0,0,0,0,0,0,0,0,0,0,1,0,0,0,0,0,0,0,0,0,0,0,0,0,0,1,0,0,0,0,0,1,0,0,0,0,1,0,1,1,0,1,0,0,0,177.98499999999999
91,STARKE,-3.9700867237578,-0.3291544810079123,0.9101719958594924,1.9597356994358368,-0.5625573074393836,-0.2889891168085758,0.0,4.203296703296709,-0.4590101937961569,0,0,0,0,0,0,0,0,0,0,0,0,0,0,0,0,0,0,0,1,0,0,1,0,0,0,0,1,0,0,0,0,0,1,0,0,0,0,0,0,1,0,1,0,0,142.23684210526315
