Location,AWS,Representative_Non-Irrigated_Yield,cec7_l,ksat_l,awc_l,ph1to1h2o_l,ec_l,ec_r,ec_h,"soil_type_Coarse-loamy, mixed, active, mesic Typic Hapludalfs","soil_type_Coarse-loamy, mixed, superactive, mesic Mollic Hapludalfs","soil_type_Euic, mesic Typic Haplosaprists","soil_type_Fine, illitic, mesic Aeric Epiaqualfs","soil_type_Fine, mixed, active, mesic Aeric Epiaqualfs","soil_type_Fine, mixed, active, mesic Aquultic Hapludalfs","soil_type_Fine, mixed, active, mesic Oxyaquic Hapludalfs","soil_type_Fine, mixed, active, mesic Typic Hapludalfs","soil_type_Fine-loamy, mixed, active, mesic Oxyaquic Argiudolls","soil_type_Fine-loamy, mixed, active, mesic Oxyaquic Hapludalfs","soil_type_Fine-loamy, mixed, active, mesic Typic Hapludalfs","soil_type_Fine-loamy, mixed, superactive, mesic Aquic Argiudolls","soil_type_Fine-silty, mixed, active, mesic Oxyaquic Fragiudalfs","soil_type_Fine-silty, mixed, active, mesic Oxyaquic Hapludalfs","soil_type_Fine-silty, mixed, active, mesic Ultic Hapludalfs","soil_type_Fine-silty, mixed, superactive, mesic Typic Argiaquolls","soil_type_Fine-silty, mixed, superactive, mesic Typic Hapludalfs","soil_type_Fine-silty, mixed, superactive, mesic Ultic Hapludalfs","soil_type_Loamy, mixed, active, mesic Arenic Hapludalfs","soil_type_Mixed, mesic Aquic Udipsamments","soil_type_Mixed, mesic Typic Udipsamments","soil_type_Sandy, mixed, mesic Typic Endoaquolls",Drainage_Somewhat poorly drained,Drainage_Very poorly drained,Drainage_Well drained,texture_primary_Loam,texture_primary_Loamy sand,texture_primary_Sand,texture_primary_Sandy loam,texture_primary_Silt loam,texture_primary_Silty clay loam,texture_secondary_L,texture_secondary_LS,texture_secondary_S,texture_secondary_SICL,texture_secondary_SIL,rvindicator_tex_Yes,RoadwayRelevanceSoilGrade_A-4,RoadwayRelevanceSoilGrade_A-6,HumanErosion_Sheet erosion,HumanErosion_Wind erosion,MoisterClass_Udic,Drainage_class_Somewhat poorly drained,Drainage_class_Very poorly drained,Drainage_class_Well drained
Randolph County,0.6164497129771928,-0.17923605875320656,0.530310426810322,-0.28543522527173043,-1.4787448893400696,0.2705000737292168,0.0,0.0,1.1788315753116774,0,0,0,1,0,0,0,0,0,0,0,0,0,0,0,0,0,0,0,0,0,0,0,0,0,0,0,0,0,0,0,0,0,0,0,0,0,0,1,0,0,0,0,0,0
Miami County,-0.5410564463016915,-0.0035566746206846037,0.7727569243550939,0.10655312276950063,-1.0207870499812937,0.2579729090938878,0.0,0.28227267238255827,0.5429597027295852,0,0,0,1,0,0,0,0,0,0,0,0,0,0,0,0,0,0,0,0,0,0,0,0,1,0,0,0,0,0,0,0,0,0,0,0,0,0,1,1,0,0,0,0,1
Tippecanoe County,0.1766650972032641,-0.10193915699243565,-0.351358803439843,1.7388148634338392,-0.929979315212724,0.16592106271538204,0.0,0.0,-0.887847660077276,0,1,0,0,0,0,0,0,0,0,0,0,0,0,0,0,0,0,0,0,0,0,0,0,1,1,0,0,0,0,0,1,0,0,0,0,1,0,1,1,0,1,0,0,1
Union County,1.4558164564156535,-0.009777789186275731,0.0996387900914876,0.011412201115327723,0.1516990382792137,0.19457200059799676,0.0,0.0,0.6015536619537467,0,0,0,0,0,0,0,0,0,0,0,0,0,0,0,0,1,0,0,0,0,0,0,0,1,1,0,0,0,0,0,1,0,0,0,0,1,0,1,1,0,1,0,0,1
Tipton County,2.5882977538923333,0.16941799516772268,-0.005711622775416442,-0.011412201115327723,-0.6707123737623296,0.2906023944023063,0.0,0.0,1.168150133404236,0,0,0,0,0,0,0,0,0,0,0,0,0,0,0,1,0,0,0,0,0,0,0,0,0,1,0,0,0,0,0,1,0,0,0,0,1,0,1,1,0,0,0,0,0
Monroe County,0.48478499257379715,2.631985460450815,-0.3589678341731332,-0.6607866777898366,1.3876807302678382,-1.1431991333911895,0.0,0.0,-1.2946733385376423,0,0,0,0,0,0,0,1,0,0,0,0,0,0,0,0,0,0,0,0,0,0,0,0,1,0,0,0,0,1,0,0,0,0,0,1,1,0,1,1,0,1,0,0,1
Putnam County,0.9762971824976814,0.7345357102197981,-0.17364445799161554,-0.018611792987636818,0.1743476121669346,-0.139121450537609,0.0,0.0,1.2513585658632047,0,0,0,0,0,0,0,0,0,0,1,0,0,0,0,0,0,0,0,0,0,0,0,0,1,0,0,0,0,1,0,0,0,0,0,1,1,0,1,0,0,1,0,0,1
Vigo County,-1.0033910138904611,0.5721168119643902,-0.18344414090148634,0.20655182850641932,0.9860706713601293,-0.25757338348444275,0.0,0.2727803170281008,0.7852853019717194,0,0,0,0,0,0,0,0,0,0,1,0,0,0,0,0,0,0,0,0,0,0,0,0,1,0,0,0,0,1,0,0,0,0,0,1,1,0,1,1,0,1,0,0,1
Wabash County,-0.1258424172956857,-0.1398787726975052,0.9575170652884607,0.03626413666916885,-0.9839008756888914,0.23115012303106028,0.0,0.01815322486700254,0.6713625689215198,0,0,0,1,0,0,0,0,0,0,0,0,0,0,0,0,0,0,0,0,0,0,0,0,1,0,0,0,0,0,0,0,0,0,0,0,0,0,1,1,0,0,0,0,1
Steuben County,-1.1144747247840716,-0.18827382656154612,1.318125599433378,0.4988526050638893,-0.5640805589313748,0.11804048890546344,0.0,1.568486822911601,0.6283811684552505,0,0,0,0,0,0,0,0,0,0,1,0,0,0,0,0,0,0,0,0,0,0,0,0,1,1,0,0,0,0,0,1,0,0,0,0,0,0,1,0,0,1,0,0,1
Clinton County,1.6339253636207234,0.6198652076581161,0.06861835346564707,0.13037831614417553,-0.43793516857130277,0.2617004387211064,0.0,0.0,1.3374261523122188,0,0,0,0,0,0,0,0,0,0,0,0,0,0,0,1,0,0,0,0,0,0,0,0,1,1,0,0,0,0,0,1,0,0,0,0,1,0,1,1,0,0,0,0,1
Carroll County,0.49760458036634797,0.02192426531867449,0.4530695996197938,0.6335566901677846,-0.021687982708017327,0.2400333563004116,0.0,0.0,-0.16482567862414976,0,0,0,0,0,0,0,0,0,0,1,0,0,0,0,0,0,0,0,0,0,0,0,0,1,1,0,0,0,0,0,1,0,0,0,0,1,0,1,1,0,1,0,0,1
Fayette County,1.3397119634155128,0.5996435801122094,0.04452566666009992,-0.07734653689828239,0.037761187223105216,0.05775707430069514,0.0,0.0,0.6646161310024156,0,0,0,0,0,0,0,0,0,0,0,0,0,0,0,0,1,0,0,0,0,0,0,0,1,1,0,0,0,0,0,0,0,0,0,1,1,0,1,1,0,1,0,0,1
Jennings County,0.6204733450420798,5.210210852562292,-0.5119589090870122,-0.6682044939667026,0.5686724242053524,-0.8326523458568154,0.0,0.0,-0.7970850878359449,0,0,0,0,0,0,0,1,0,0,0,0,0,0,0,0,0,0,0,0,0,0,0,0,0,0,0,0,0,1,0,0,0,0,0,1,1,0,1,0,0,1,0,0,1
Knox County,-1.4228016969171169,0.17230832508997526,0.24217346238370605,-0.09075055764558748,1.673948846387987,-0.29130375772818956,0.0,7.0638736263736375,-0.33034707914350986,0,0,0,0,0,0,0,0,0,0,0,0,1,0,0,0,0,0,0,0,0,0,0,0,1,0,0,0,0,1,0,0,0,0,0,1,1,0,1,1,0,1,0,0,1
Jefferson County,0.07823985748169641,5.724994481042841,-0.21875185644419504,-0.7597450235290754,0.3402624509122885,-0.9227367013798695,0.0,0.0,-0.5509810877072644,0,0,0,0,0,0,0,1,0,0,0,0,0,0,0,0,0,0,0,0,0,0,0,0,1,0,0,0,0,1,0,0,0,0,0,1,1,0,1,0,0,1,0,0,1
Brown County,0.626000799809084,3.212585135213309,-0.6350208762806783,-0.6736148569230408,0.49110182593410967,-0.9495735808498983,0.0,0.0,-0.867073660637088,0,0,0,0,0,0,0,0,0,0,0,0,0,1,0,0,0,0,0,0,0,0,0,0,1,0,0,0,0,1,0,0,0,0,0,1,1,0,1,1,0,1,0,0,1
Crawford County,-0.6914391264000357,0.8419203333198189,-0.1152490424864195,-0.640451816368832,-0.029901432493958224,-1.2721880375519554,0.0,0.0,-1.7222480467494186,0,0,0,0,0,0,1,0,0,0,0,0,0,0,0,0,0,0,0,0,0,0,0,0,1,0,0,0,0,1,0,0,0,0,0,1,0,1,0,1,0,1,0,0,1
Fulton County,-1.603575621920903,-0.1514262868985346,1.8282863928669486,1.3707495619957797,-0.0051516047750166495,-0.027977186857782974,0.0,2.563439111908499,-0.020314327175313292,0,0,0,0,0,0,0,0,0,0,0,0,0,0,0,0,0,0,1,0,0,0,0,0,1,1,0,0,0,0,0,1,0,0,0,0,0,0,0,0,0,0,0,0,1
Kosciusko County,-2.1865473047824526,-0.17455778836398572,0.7555831323116546,1.4158000946313152,-0.6301680845077989,0.15324429084546343,0.0,0.9167041137301346,-0.6040949947055851,0,0,0,0,0,0,0,0,0,0,0,0,0,0,0,0,0,0,1,0,0,0,0,0,1,1,0,0,0,0,0,1,0,0,0,0,0,1,0,0,0,1,0,0,1
Jackson County,-0.6913790901298588,3.0251531231913056,-0.623799160602289,-0.32342548562336715,0.2905460927196227,-0.9104942440269277,0.0,0.0,-1.1280583899899215,0,0,0,0,0,0,0,0,0,0,0,0,1,0,0,0,0,0,0,0,0,0,0,0,1,0,0,0,0,1,0,0,0,0,0,1,1,0,1,0,0,1,0,0,1
Franklin County,-0.5241823309439919,1.1668373376017418,0.05574277637627369,-0.1704385476469864,-0.7684352002681847,-0.12220838867111103,0.0,0.0,1.2055436437319758,0,0,0,0,0,0,0,1,0,0,0,0,0,0,0,0,0,0,0,0,0,0,0,0,1,1,0,0,0,0,0,0,0,0,0,1,1,0,1,0,0,1,0,0,1
La Porte County,1.5493994731403162,-0.3052891416665161,2.4892647693159233,0.8962314794713543,1.439448756970741,-0.14231474165000021,0.0002865329512893,6.701387795585513,0.13941237553969665,0,0,0,0,0,0,0,0,0,0,0,0,0,0,0,0,0,0,0,0,0,1,0,1,0,0,0,1,0,0,0,0,0,1,0,0,0,0,0,0,1,0,0,1,0
Henry County,-0.4985684224228862,-0.2560660652743246,0.0033920257358813193,0.04405588604072429,-1.240354434113862,0.3163364020673805,0.0,0.0,1.2753250366403979,0,0,0,0,0,0,0,0,0,0,0,0,0,0,0,0,0,0,0,0,0,0,0,0,0,1,0,0,0,0,0,0,0,0,0,1,0,0,1,0,0,1,0,0,0
Grant County,-0.1652700269942323,-0.2865868578281474,0.682270857657248,-0.3901993250209367,-1.9986666780450488,0.24749663187067752,0.0,0.027086270495757424,0.7239750949129875,0,0,0,1,0,0,0,0,0,0,0,0,0,0,0,0,0,0,0,0,0,0,0,0,0,0,0,0,0,0,1,0,0,0,1,0,0,0,1,0,0,0,0,0,0
Benton County,1.0595981579437073,0.32322598228497007,0.9230820652925903,0.18399624664336434,-0.20291112831358143,0.3543223680884166,0.0008219178082191,0.2533493903356913,-0.07702655079253215,0,0,0,0,0,0,0,0,0,0,0,1,0,0,0,0,0,0,0,0,0,0,0,0,0,0,0,0,0,0,1,0,0,0,1,0,1,0,1,1,0,1,0,0,0
Decatur County,-0.024842583137928226,1.436463830643753,-0.0024536611291374587,-0.2665286301934142,-0.41631026478549765,-0.12605990379314289,0.0,0.0,1.7557478087019942,0,0,0,0,0,0,0,0,0,0,1,0,0,0,0,0,0,0,0,0,0,0,0,0,1,0,0,0,0,1,0,0,0,0,0,1,1,0,1,0,0,1,0,0,1
Blackford County,-0.04550587356004707,-0.08066596411648402,1.0144657467871987,-0.5379071835163135,-1.9828163942003814,0.32709009866417993,0.0,0.0,0.3351141453690294,0,0,0,1,0,0,0,0,0,0,0,0,0,0,0,0,0,0,0,0,0,0,0,0,0,0,0,0,0,0,1,0,0,0,1,0,0,0,1,0,0,0,0,0,0
Greene County,-0.9991347426474532,0.4663049081056429,0.002453661129137039,-0.39470240531083245,0.25633680769072675,-0.7929516757979933,0.0,0.9807692307692308,-0.5725740007788239,0,0,0,0,0,0,0,0,0,0,0,0,1,0,0,0,0,0,0,0,0,0,0,0,1,0,0,0,0,1,0,0,0,0,0,1,0,0,1,1,0,1,0,0,1
Marshall County,-0.277170044723743,-0.5910414334456887,0.7504775403449729,2.4759547794779007,-1.1048698016391976,-0.1079058635710787,0.0,0.6775486616888923,-1.4936394610849137,0,0,0,0,0,0,0,0,0,0,0,0,0,0,0,0,0,0,0,0,1,0,0,0,1,0,1,0,0,0,0,0,1,0,0,0,0,0,0,0,1,1,0,1,0
Marion County,0.9425382291323338,-0.4197484447061617,-0.31921987800032414,0.6630099922612981,-0.3982826094114349,0.35539795005333885,0.0,0.0,1.2230554762530241,0,0,0,0,0,0,0,0,0,1,0,0,0,0,0,0,0,0,0,0,0,0,0,0,1,1,0,0,0,0,0,1,0,0,0,0,0,0,1,1,0,1,0,0,1
Hendricks County,-0.06298344305266701,-0.008503400223690376,-0.20657870027438444,0.2743172397642276,-0.6833303687621137,0.27095327397458413,0.0,0.0,1.8069126216225617,0,0,0,0,0,0,0,0,0,1,0,0,0,0,0,0,0,0,0,0,0,0,0,0,1,1,0,0,0,0,0,1,0,0,0,0,0,0,1,1,0,0,0,0,1
Dubois County,-0.136121105626386,0.8997982343185624,-0.6071613696860396,-0.6575314393930913,1.0467707436166545,-1.1487553644269595,0.0,4.267962806424348,-1.3673897780850552,0,0,0,0,0,0,0,0,0,0,0,0,1,0,0,0,0,0,0,0,0,0,0,0,1,0,0,0,0,1,0,0,0,0,0,1,0,0,1,1,0,1,0,0,1
Elkhart County,-2.1749611256625125,-0.5288985195915337,0.07405506408370305,2.6553546080938055,-1.8555005800166102,-0.06311826908531838,0.0,0.8858560794044663,-1.4558800693709608,0,0,0,0,0,0,0,0,0,0,0,0,0,0,0,0,0,0,0,0,1,0,0,0,1,0,1,0,0,0,0,0,1,0,0,0,0,0,0,0,1,1,0,1,0
Adams County,0.993409173269547,-0.0963722906991397,1.1360980165841088,-0.6767871654276779,-0.6479676690470428,0.21643053291918904,0.0,0.0,0.8343047508940876,0,0,0,1,0,0,0,0,0,0,0,0,0,0,0,0,0,0,0,0,0,0,1,0,0,0,0,0,0,0,1,0,0,0,1,0,0,0,1,1,0,0,1,0,0
Warrick County,0.17397044884083288,-0.1364866423959039,-0.29209551264293,-0.7586405620144211,1.6024582673641974,-0.896620303140235,0.0,5.326855521527658,-0.44009102740908096,0,0,0,0,0,0,0,0,0,0,0,0,1,0,0,0,0,0,0,0,0,0,0,0,0,0,0,0,0,1,0,0,0,0,0,1,1,0,1,1,0,1,0,0,0
Shelby County,-0.31647262113707136,-0.12724450116932057,-0.22593672680309437,0.6374360770434796,-0.6661523461004218,0.2722861470572728,0.0,0.0,1.047179696025849,0,0,0,0,1,0,0,0,0,0,0,0,0,0,0,0,0,0,0,0,0,0,0,0,1,1,0,0,0,0,0,1,0,0,0,0,0,0,1,1,0,1,0,0,1
Newton County,-2.315142367617037,-0.03420927346397409,1.3375381302679945,0.9769391667103544,0.4297754905295176,0.22880744038890172,0.000576923076923,3.4232618343195322,-0.8978143967059188,0,0,0,0,0,0,0,0,1,0,0,0,0,0,0,0,0,0,0,0,0,0,0,0,0,1,0,0,0,0,0,1,0,0,0,0,1,0,0,0,1,1,0,0,0
Posey County,-0.49171410553196665,-0.14579411656070423,-0.2269866192366624,-0.31375201364606037,1.9136478764034504,-0.446777418888907,0.0,2.348102036467691,-0.3892839226472027,0,0,0,0,0,0,0,0,0,0,0,0,1,0,0,0,0,0,0,0,0,0,0,0,1,0,0,0,0,1,0,0,0,0,0,1,1,0,1,1,0,1,0,0,1
Porter County,-0.9986816952736235,-0.31755229294386905,2.443899282750435,0.2550556003049318,0.24333481954415542,-0.12474625373997895,0.0001883239171374,3.511982367914579,0.40585881332708906,0,0,0,0,0,0,0,0,0,0,0,0,0,0,0,0,0,0,0,1,0,0,0,0,1,0,0,1,0,0,0,0,0,0,1,0,0,0,1,0,1,1,0,0,1
Scott County,0.44111877286268664,10.937906602950635,-0.5211464521611799,-0.7808970305703512,0.7433556930774158,-1.2140202728475906,0.0,0.0,-1.0235222502031731,0,0,0,0,0,1,0,0,0,0,0,0,0,0,0,0,0,0,0,0,0,0,0,0,0,0,0,0,0,1,0,0,0,0,0,1,1,0,1,0,0,1,0,0,0
Washington County,0.5195546991383005,3.3000689824892113,-0.33494797282045596,-0.6330086102669986,1.3338483918377515,-1.1927209648000219,0.0,0.0,-0.8876459191714076,0,0,0,0,0,0,0,0,0,0,0,0,1,0,0,0,0,0,0,0,0,0,0,0,1,0,0,0,0,1,0,0,0,0,0,1,0,0,1,1,0,1,0,0,1
White County,-1.0613096231824297,0.20310676417975682,0.3766321587881369,0.8877765541836052,-0.9228270975036251,0.06246133114370316,0.0,0.17715043577112244,-0.8285973434096644,0,0,0,0,0,0,0,0,0,0,0,0,0,0,0,0,0,0,0,1,0,0,1,0,0,1,0,0,0,0,0,1,0,0,0,0,1,1,0,0,1,1,1,0,0
Owen County,-0.04209228261528585,0.5930000325242225,-0.4932380713595982,-0.4543102626123161,0.19676529665836956,-0.8163259768072921,0.0,0.0,-1.0748522478629494,0,0,0,0,0,0,0,0,0,0,1,0,0,0,0,0,0,0,0,0,0,0,0,0,1,0,0,0,0,1,0,0,0,0,0,1,1,0,1,1,0,1,0,0,1
Parke County,0.3259716051392518,0.09156310913724146,-0.06782282682678877,1.0845804706540279,0.6763955110175206,0.010848571402312575,0.0,0.0,0.2105614886873578,0,0,0,0,0,0,0,0,0,0,1,0,0,0,0,0,0,0,0,0,0,0,0,0,1,0,0,0,0,1,0,0,0,0,0,1,1,0,1,1,0,1,0,0,1
Orange County,0.2575476233254463,2.184185993000127,-0.2432428899258128,-0.6993143424372259,1.0238283484111266,-1.3229254126953722,0.0,0.0,-1.6894115887980343,0,0,0,0,0,0,0,0,0,0,0,0,1,0,0,0,0,0,0,0,0,0,0,0,1,0,0,0,0,1,0,0,0,0,0,1,0,0,1,1,0,1,0,0,1
Sullivan County,-0.973536705284709,0.7745829534124437,-0.3807908517646496,0.16147531942086502,1.3044942982744585,-0.45346013578975136,0.0,5.808575846264298,-0.06355773359377717,0,0,0,0,0,0,0,0,0,0,0,0,1,0,0,0,0,0,0,0,0,0,0,0,1,0,0,0,0,1,0,0,0,0,0,1,1,0,1,1,0,1,0,0,1
Vermillion County,0.6272914634178569,0.08607002809702285,-0.05459766913398474,0.8126377918660264,0.6263456099717302,0.06490693054233472,0.0,2.851843038850917,-0.01564281087715687,0,0,0,0,0,0,0,0,0,0,1,0,0,0,0,0,0,0,0,0,0,0,0,0,1,0,0,0,0,1,0,0,0,0,0,1,1,0,1,1,0,1,0,0,1
Morgan County,0.36674784841596414,0.8644502523545939,-0.22736948911876773,0.1195879648764945,0.010671920652414374,-0.06042959859862194,0.0,0.0,1.0193104194884612,0,0,0,0,0,0,0,0,0,0,1,0,0,0,0,0,0,0,0,0,0,0,0,0,1,0,0,0,0,1,0,0,0,0,0,1,0,0,1,1,0,1,0,0,1
Pulaski County,1.8312822910693496,-0.1555098869903454,1.243449348163573,1.6631997475546185,-0.05050117597359266,0.12487420765133597,0.0,1.448003939904585,-1.3258504555429225,0,0,0,0,0,0,0,0,0,0,0,0,0,0,0,0,0,0,0,1,0,0,0,1,0,1,0,0,0,0,0,1,0,0,0,0,1,0,0,0,1,0,0,1,0
Montgomery County,1.6094847426295977,0.06843489679964418,-0.0970216775057317,0.3975525906453704,0.17584437232863084,0.18122458607320344,0.0,0.0,0.6550163812306938,0,0,0,0,0,0,0,0,0,0,0,0,0,0,0,1,0,0,0,0,0,0,0,0,1,0,0,0,0,1,0,0,0,0,0,1,0,0,1,1,0,1,0,0,1
Vanderburgh County,0.8032546055524239,-0.18083976461839202,-0.22954449486843645,-0.7016528485144015,2.1491075937720527,-0.7145837390019977,0.0,5.048787419477082,0.6090146576151576,0,0,0,0,0,0,0,0,0,0,0,0,1,0,0,0,0,0,0,0,0,0,0,0,0,0,0,0,0,1,0,0,0,0,0,1,1,0,1,1,0,1,0,0,0
Switzerland County,-0.15988718685782685,4.574989821360277,0.07626505297820718,-0.7216929978344186,0.11192143515496646,-0.7443549624595674,0.0,0.0,0.10619329000711208,0,0,0,0,0,0,0,0,0,0,0,0,1,0,0,0,0,0,0,0,0,0,0,0,1,0,0,0,0,1,0,0,0,0,0,1,1,0,1,0,0,1,0,0,1
Martin County,-0.5009714275926521,1.5532106846330302,-0.5581869348963665,-0.5977425170721136,0.8265941962911564,-0.9328785612504673,0.0,0.0,-1.3610761389874064,0,0,0,0,0,0,0,0,0,0,0,0,0,0,1,0,0,0,0,0,0,0,0,0,1,0,0,0,0,1,0,0,0,0,0,1,0,0,1,0,0,1,0,0,1
Rush County,0.05030968106073578,-0.13377363788700053,0.17780079132124965,0.13856200698713683,-0.8741447601471525,0.2876156113216267,0.0,0.0,1.970550438735645,0,0,0,0,1,0,0,0,0,0,0,0,0,0,0,0,0,0,0,0,0,0,0,0,1,1,0,0,0,0,0,1,0,0,0,0,0,0,1,0,0,0,0,0,1
Ripley County,0.5094644152628585,1.6419907009027792,-0.17189940339664017,-0.7709319933908676,0.45998739012079315,-0.8769969350411659,0.0,0.0,0.3944677104392906,0,0,0,0,0,0,0,1,0,0,0,0,0,0,0,0,0,0,0,0,0,0,0,0,1,0,0,0,0,1,0,0,0,0,0,1,1,0,1,0,0,1,0,0,1
Fountain County,0.6846836154307061,-0.01913827006766467,-0.3591039555911388,0.6966325938249442,0.2961502373384517,0.17417082272258014,0.0,0.0,-0.5612184764549404,0,0,0,0,0,0,0,0,0,0,0,0,0,0,0,1,0,0,0,0,0,0,0,0,1,1,0,0,0,0,0,1,0,0,0,0,1,0,1,1,0,1,0,0,1
Lake County,-0.9197503189027776,-0.18182378465005725,2.978862892801414,0.34578171250024703,1.2386964291310802,0.1236530149039304,0.0,2.7647638620921087,-0.12846831284952298,0,0,0,1,0,0,0,0,0,0,0,0,0,0,0,0,0,0,0,0,0,0,0,0,1,0,0,0,0,0,1,0,0,0,1,0,1,0,1,1,0,0,0,0,1
Jasper County,-1.270918139671611,-0.033869506465886316,2.7559911612595296,1.0717496547652983,2.4075371602888067,0.20287562867205877,0.0,4.876480940934076,-0.5571523707400083,0,0,1,0,0,0,0,0,0,0,0,0,0,0,0,0,0,0,0,0,0,0,0,1,0,1,0,0,0,0,0,1,0,0,0,0,1,0,0,0,1,0,0,1,0
Lagrange County,0.3163769002877327,-0.3075434687921727,1.988749094373556,0.9577678964401932,1.2616022842154173,-0.010848571402312575,0.0,5.578699775128359,-0.22631918002017806,1,0,0,0,0,0,0,0,0,0,0,0,0,0,0,0,0,0,0,0,0,0,0,0,1,0,0,0,1,0,0,1,0,0,0,0,0,0,0,0,1,0,0,0,1
Daviess County,-0.7846843890780602,0.8915306539474742,-0.39138805969099966,-0.44805742389410685,0.9180582596065913,-0.8253585230189349,0.0,3.8854003139717443,0.015539475831788111,0,0,0,0,0,0,0,0,0,0,0,0,1,0,0,0,0,0,0,0,0,0,0,0,1,0,0,0,0,1,0,0,0,0,0,1,1,0,1,1,0,1,0,0,1
Dearborn County,-0.5608322391355298,1.8163666996158387,0.19314994174095615,-0.5872078065281423,-0.032559785974319404,-0.5850207837421839,0.0,0.0,-0.3617433415707107,0,0,0,0,0,0,0,1,0,0,0,0,0,0,0,0,0,0,0,0,0,0,0,0,1,0,0,0,0,1,0,0,0,0,0,1,0,0,1,0,0,1,0,0,1
Boone County,1.3198516305386192,-0.3907323234283873,-0.3107067352376345,0.36084314584108346,-0.403383776991185,0.26450656995724275,0.0,0.0,0.4705209171007323,0,0,0,0,0,0,0,0,0,0,0,0,0,0,0,1,0,0,0,0,0,0,1,0,0,1,0,0,0,0,0,1,0,0,0,0,0,0,1,1,0,0,0,0,0
Jay County,0.5615354054927206,-0.0669660149402914,1.0237006343833805,-0.49820696027232547,-1.164412446140767,0.3279413860596962,0.0,0.0,0.25571648616424153,0,0,0,1,0,0,0,0,0,0,0,0,0,0,0,0,0,0,0,0,0,0,0,0,0,0,0,0,0,0,1,0,0,0,1,0,0,0,1,0,0,0,0,0,0
Johnson County,0.6740083358643766,0.26106269512250596,-0.34481547533895307,0.15321952315041254,-0.43309035637468196,0.14048642609346748,0.0,0.0,0.843347904776721,0,0,0,0,0,0,0,0,0,1,0,0,0,0,0,0,0,0,0,0,0,0,0,0,1,1,0,0,0,0,0,1,0,0,0,0,0,0,1,1,0,1,0,0,1
Floyd County,1.0446534260663805,4.877570916493504,-0.4111920999320204,-0.710315224691877,1.029628482951972,-0.9823733845615795,0.0,0.0,-1.5394039130737656,0,0,0,0,0,0,0,1,0,0,0,0,0,0,0,0,0,0,0,0,0,0,0,0,1,0,0,0,0,1,0,0,0,0,0,1,1,0,1,1,0,1,0,0,1
Cass County,-0.8735452988828464,-0.012352300729080895,0.6875097288295344,0.4942915795416093,-0.6616302137742089,0.13480956872426472,0.0,0.4251610458506985,1.0012153243494335,0,0,0,0,0,0,0,0,0,0,0,0,0,0,0,1,0,0,0,0,0,0,0,0,1,1,0,0,0,0,0,1,0,0,0,0,0,0,1,0,0,0,0,0,1
Clay County,-0.8478759424625381,0.9637839943399934,-0.635020876280678,-0.4170820565605481,0.6890995939717093,-0.8105243418577546,0.0,0.0,0.3225912673626056,0,0,0,0,0,0,0,0,0,0,0,0,1,0,0,0,0,0,0,0,0,0,0,0,1,0,0,0,0,1,0,0,0,0,0,1,1,0,1,1,0,1,0,0,1
Clark County,0.2613929807365862,6.36076486521507,-0.28352677059192244,-0.7462693322692483,0.42233558027370927,-1.0537976239459397,0.0,0.0,-1.3674697925121084,0,0,0,0,0,0,0,1,0,0,0,0,0,0,0,0,0,0,0,0,0,0,0,0,1,0,0,0,0,1,0,0,0,0,0,1,1,0,1,0,0,1,0,0,1
Allen County,-0.24787264222405636,-0.015641691148969072,0.7998039971690297,-0.21508915009699103,-1.230355109082117,0.1944792448841753,0.0,0.752889352027282,0.526734797461114,0,0,0,1,0,0,0,0,0,0,0,0,0,0,0,0,0,0,0,0,0,0,0,0,0,0,0,0,0,0,1,0,0,0,1,0,0,0,1,1,0,0,0,0,0
Delaware County,0.23155414618288053,-0.1936800345189286,0.44028783318178344,0.29272759840992096,-1.0393293562413857,0.3944532701591429,0.0,0.0,-1.0194765454336938,0,0,0,0,0,0,0,0,0,0,1,0,0,0,0,0,0,0,0,0,0,0,0,0,1,0,0,0,0,0,0,0,0,0,0,0,0,0,1,0,0,1,0,0,1
Hancock County,1.2905755089423907,-0.10026669389204576,-0.23001740302364512,0.1281108330217635,-0.38301458964558815,0.29137516770286653,0.0,0.0,1.5720844166264498,0,0,0,0,0,0,0,0,0,1,0,0,0,0,0,0,0,0,0,0,0,0,0,0,0,1,0,0,0,0,0,1,0,0,0,0,0,0,1,0,0,1,0,0,0
Harrison County,0.14224551101948352,0.5170027034111218,-0.12188283194520416,-0.6730562395348939,0.4648952520717203,-0.9821123656493156,0.0,0.0,-1.6954497993946651,0,0,0,0,0,0,0,1,0,0,0,0,0,0,0,0,0,0,0,0,0,0,0,0,1,0,0,0,0,1,0,0,0,0,0,1,0,0,1,1,0,1,0,0,1
Madison County,0.9929786326996908,-0.05586457761915227,0.127888074808632,0.44645469478725425,-0.8546488125845937,0.29489709802188435,0.0,0.0,1.173609057125227,0,0,0,0,0,0,0,0,0,0,0,0,0,0,0,1,0,0,0,0,0,0,0,0,1,0,0,0,0,0,0,0,0,0,0,0,0,0,1,1,0,1,0,0,1
Hamilton County,1.3757060585262577,-0.1362896569763504,-0.07657565419753147,0.5263255716526644,-0.6561397885769483,0.31144842411812834,0.0,0.0,1.5180311811521876,0,0,0,0,0,0,0,0,0,1,0,0,0,0,0,0,0,0,0,0,0,0,0,0,1,1,0,0,0,0,0,1,0,0,0,0,0,0,1,1,0,0,0,0,1
De Kalb County,-0.794925965538421,-0.16956983535543588,1.1703088360416622,-0.1492255573301002,-1.7328768326395958,0.21931945260470304,0.0,0.0,1.2420984486777142,0,0,0,1,0,0,0,0,0,0,0,0,0,0,0,0,0,0,0,0,0,0,0,0,1,0,0,0,0,0,0,0,0,0,0,0,0,0,1,0,0,0,0,0,1
Bartholomew County,0.4394787828994288,2.569164230828152,-0.5293403327439784,0.01940133827242067,0.1425227289335131,-0.40392188163681625,0.0,0.0,-0.8086202032603288,0,0,0,0,0,0,0,0,0,0,1,0,0,0,0,0,0,0,0,0,0,0,0,0,1,0,0,0,0,1,0,0,0,0,0,1,0,0,1,1,0,1,0,0,1
Gibson County,-0.392625860041199,-0.16973899163297734,-0.1809988508490748,-0.240724995456403,2.044741405497447,-0.35283462884125016,0.0,5.232498982498992,-0.674844614335801,0,0,0,0,0,0,0,0,0,0,0,0,0,0,0,0,0,1,0,0,0,0,0,0,1,0,0,0,0,1,0,0,0,0,0,1,1,0,1,1,0,1,0,0,1
Huntington County,-0.2055438304000318,-0.15628529542574476,0.628292757399753,-0.47620222612750573,-1.2941879293330751,0.19307602420346293,0.0,0.02948741309710012,1.0219881904036303,0,0,0,1,0,0,0,0,0,0,0,0,0,0,0,0,0,0,0,0,0,0,0,0,0,0,0,0,0,0,1,0,0,0,1,0,0,0,1,1,0,0,0,0,0
Howard County,1.0655088896489207,0.5312878612293782,0.1981241579762402,-0.36930499519755006,-1.1067468077256173,0.2535010911918843,0.0,0.0,1.8993304280424068,0,0,0,0,0,0,0,0,0,0,0,0,0,0,0,1,0,0,0,0,0,0,0,0,0,0,0,0,0,0,1,0,0,0,1,0,0,0,1,1,0,0,0,0,0
Lawrence County,-0.5384661147856783,1.7867252643576823,-0.4552551267882052,-0.40911559625500094,0.44691129583919637,-1.1309470415256169,0.0,0.0,-1.6940655749643723,0,0,0,0,0,0,0,0,0,0,0,0,1,0,0,0,0,0,0,0,0,0,0,0,1,0,0,0,0,1,0,0,0,0,0,1,0,0,1,1,0,1,0,0,1
Ohio County,-0.5730652656290701,2.112997398096994,0.2059132394808735,-0.5784047450203569,-0.04276829837906509,-0.620092761580151,0.0,0.0,-0.4774137820919773,0,0,0,0,0,0,0,1,0,0,0,0,0,0,0,0,0,0,0,0,0,0,0,0,1,0,0,0,0,1,0,0,0,0,0,1,0,0,1,0,0,1,0,0,1
Perry County,-0.4171871507434841,0.6384145543369526,-0.5037638067411262,-0.5159043339152645,0.618972347905254,-0.9106284062463775,0.0,0.0,-1.7222480467494186,0,0,0,0,0,0,0,0,0,0,0,0,0,0,1,0,0,0,0,0,0,0,0,0,1,0,0,0,0,1,0,0,0,0,0,1,0,1,0,1,0,1,0,0,1
Whitley County,0.19065269224886547,-0.19169752797310774,1.9841515890738624,0.33912157946184246,-0.7719389491410255,0.2230583294978799,0.0,0.6362788587559203,0.43437754159095576,0,0,0,0,0,0,0,0,0,1,0,0,0,0,0,0,0,0,0,0,0,0,0,0,1,0,0,0,0,0,0,0,0,0,0,0,0,0,1,0,0,0,0,0,1
Wayne County,-0.10705016033870898,0.041196044323603284,0.11356474298379929,0.14940010662922035,-1.218102908047286,0.2914202238383548,0.0,0.0,1.4770847634070203,0,0,0,0,0,0,0,0,0,0,0,0,0,0,0,1,0,0,0,0,0,0,0,0,1,1,0,0,0,0,0,1,0,0,0,0,1,0,1,0,0,1,0,0,1
Wells County,0.09392111129052194,-0.02467264135540332,0.837537897443588,-0.6939406320219094,-0.8885184093189593,0.2793378947036736,0.0,0.0,0.41859275904118176,0,0,0,1,0,0,0,0,0,0,0,0,0,0,0,0,0,0,0,0,0,0,0,0,0,0,0,0,0,0,1,0,0,0,1,0,0,0,1,1,0,0,0,0,0
St. Joseph County,-1.1581245714208381,-0.6790647405452013,0.09166983845119052,2.2565008861506963,-1.653434274108918,-0.16000760193012634,0.0001385041551246,1.4515539861800275,-1.204829379774824,1,0,0,0,0,0,0,0,0,0,0,0,0,0,0,0,0,0,0,0,0,0,0,0,1,0,1,0,0,0,0,0,1,0,0,0,0,0,0,0,1,1,0,0,1
Pike County,-0.08795623747027345,-0.02621221051368434,-0.3320771536646691,-0.5576914430740307,1.7033712706775426,-0.7631586266680804,0.0,9.254807692307706,-0.4356169002229482,0,0,0,0,0,0,0,0,0,0,0,0,1,0,0,0,0,0,0,0,0,0,0,0,1,0,0,0,0,1,0,0,0,0,0,1,1,0,1,0,0,1,0,0,1
Noble County,0.2109913724900631,-0.21197444791686057,1.6762100637343538,0.2609200062951991,-0.2696747152700858,0.17043518529769955,0.0,1.592242194891202,0.8453285915079145,0,0,0,0,0,0,0,0,0,1,0,0,0,0,0,0,0,0,0,0,0,0,0,0,0,1,0,0,0,0,0,1,0,0,0,0,0,0,1,0,0,0,0,0,0
Spencer County,0.47131109829911955,0.6136674191775408,-0.3503759695336956,-0.7383823359474,1.3572178456147144,-0.8874599498768858,0.0,1.0576923076923077,-1.0126514750287592,0,0,0,0,0,0,0,0,0,0,0,0,1,0,0,0,0,0,0,0,0,0,0,0,1,0,0,0,0,1,0,0,0,0,0,1,0,0,1,1,0,1,0,0,1
Warren County,0.3769295726082373,0.0035566746206843205,-0.223407368242198,0.4892229220152662,-0.7292733623724573,0.18866632097224267,0.0,0.21076359537897776,-0.308253412991035,0,0,0,0,0,0,0,0,0,0,1,0,0,0,0,0,0,0,0,0,0,0,0,0,0,1,0,0,0,0,0,1,0,0,0,0,1,0,1,1,0,1,0,0,0
Starke County,-3.9700867237578,-0.3291544810079123,0.9101719958594923,1.9597356994358368,-0.5625573074393836,-0.28898911680857586,0.0,4.203296703296709,-0.4590101937961569,0,0,0,0,0,0,0,0,0,0,0,0,0,0,0,0,0,0,0,1,0,0,1,0,0,0,0,1,0,0,0,0,0,1,0,0,0,0,0,0,1,0,1,0,0
